                  epoch,         train/box_loss,         train/cls_loss,         train/dfl_loss,   metrics/precision(B),      metrics/recall(B),       metrics/mAP50(B),    metrics/mAP50-95(B),           val/box_loss,           val/cls_loss,           val/dfl_loss,                 lr/pg0,                 lr/pg1,                 lr/pg2
                      1,                 1.4515,                 3.3588,                 1.3575,                0.00479,                0.83314,                0.41095,                0.23945,                 1.2195,                  15.53,                 1.1714,               0.070462,              0.0032821,              0.0032821
                      2,                 1.3385,                 1.7811,                 1.2437,                0.87841,                0.88364,                0.93147,                0.60194,                 1.1442,                 10.614,                 1.0598,               0.038278,              0.0044323,              0.0044323
                      3,                 1.2682,                 1.3371,                 1.1993,                0.91374,                0.86815,                0.91782,                0.64348,                 1.1509,                 10.373,                 1.0508,              0.0038954,              0.0033826,              0.0033826
