               epoch,      train/box_loss,      train/obj_loss,      train/cls_loss,   metrics/precision,      metrics/recall,     metrics/mAP_0.5,metrics/mAP_0.5:0.95,        val/box_loss,        val/obj_loss,        val/cls_loss,               x/lr0,               x/lr1,               x/lr2
                   0,            0.092814,            0.027724,            0.038505,              0.5767,             0.17607,             0.13238,            0.052477,            0.064548,            0.020226,            0.018877,            0.070462,           0.0032821,           0.0032821
                   1,            0.064367,             0.02128,            0.016844,             0.62227,             0.39623,              0.4332,              0.1391,            0.048554,            0.015096,           0.0065669,            0.038278,           0.0044323,           0.0044323
                   2,            0.055517,            0.018502,           0.0095113,             0.61522,             0.77743,             0.74146,             0.31262,            0.041242,            0.012436,            0.003744,           0.0038954,           0.0033826,           0.0033826
