                  epoch,         train/box_loss,         train/cls_loss,         train/dfl_loss,   metrics/precision(B),      metrics/recall(B),       metrics/mAP50(B),    metrics/mAP50-95(B),           val/box_loss,           val/cls_loss,           val/dfl_loss,                 lr/pg0,                 lr/pg1,                 lr/pg2
                      1,                 1.2332,                 2.3692,                 1.3262,                0.36919,                0.60291,                0.34233,                0.26787,                    nan,                    nan,                    nan,               0.070042,              0.0033286,              0.0033286
                      2,                 1.0353,                0.80287,                 1.1574,                0.43415,                0.55344,                0.38824,                0.28433,                    nan,                    nan,                    nan,               0.038723,              0.0053429,              0.0053429
                      3,                 1.0335,                0.79398,                 1.1451,                0.16615,                0.39536,                0.32715,                0.21041,                    nan,                    nan,                    nan,              0.0060844,              0.0060371,              0.0060371
                      4,                 1.0209,                0.73868,                 1.1541,                0.26559,                0.48784,                0.30668,                0.24895,                    nan,                    nan,                    nan,                0.00406,                0.00406,                0.00406
                      5,                0.89343,                0.58903,                 1.0972,                0.42074,                0.59228,                0.42124,                0.35761,                    nan,                    nan,                    nan,                0.00208,                0.00208,                0.00208
