                  epoch,         train/box_loss,         train/cls_loss,         train/dfl_loss,   metrics/precision(B),      metrics/recall(B),       metrics/mAP50(B),    metrics/mAP50-95(B),           val/box_loss,           val/cls_loss,           val/dfl_loss,                 lr/pg0,                 lr/pg1,                 lr/pg2
                      1,                 1.4113,                 2.0012,                 1.4001,                0.72072,                0.77055,                0.77699,                0.46412,                 1.3688,                 1.3387,                 1.4238,             0.00036416,             0.00036416,             0.00036416
                      2,                 1.3254,                 1.0355,                 1.3487,                0.78629,                0.74288,                0.78461,                0.43824,                 1.5112,                 1.0228,                 1.6294,             0.00049211,             0.00049211,             0.00049211
                      3,                 1.2817,                 0.8261,                 1.3067,                0.98325,                0.90112,                 0.9631,                0.66009,                 1.1549,                0.68338,                  1.332,             0.00037564,             0.00037564,             0.00037564
